Pattern,SSJ,SST,Difference
OSV,0.0844889573703133,0.1530120481927711,0.06852309082245779
OVS,0.21160760143810992,0.16987951807228915,-0.04172808336582076
SOV,0.10914227015921932,0.20963855421686747,0.10049628405764816
SVO,0.5457113507960966,0.39397590361445783,-0.15173544718163873
VOS,0.021314843348741654,0.02530120481927711,0.003986361470535455
VSO,0.02773497688751926,0.04819277108433735,0.02045779419681809
