language	human_total	ai_total	jensen_shannon_distance	human_entropy	ai_entropy	chi2	chi2_dof	chi2_p_value
Arabic	4503	3378	0.14527073980165167	0.795803121738378	0.4406829854774712	276.4903367856434	5	1.1296101840597504e-57
Bulgarian	14818	8249	0.09573481245433246	0.3046855894756698	0.10188756469491232	304.7523599415745	5	9.525185648861298e-64
Chinese	11935	6255	0.09055367480039782	0.1866343131815552	0.019411083044307602	172.20337370245923	5	2.471368759060909e-35
English	22437	5992	0.027652283190899588	0.036912375184501675	0.010674020414879543	16.075531195735422	5	0.006631705047048127
Indonesian	7946	12134	0.048720775443388244	0.10170263662603346	0.02755886289408313	96.36898214463504	5	3.0754903101630554e-19
Russian	8348	5477	0.14383070568512765	0.6893614416517098	0.274737885441216	467.4006378585282	5	8.657217771102692e-99
Slovenian	1671	3248	0.15493111305213642	0.9307624088985135	0.47216731550243707	236.9965271599585	5	3.3827942031968016e-49
Urdu	4507	5729	0.26846968423320006	1.1306855689216284	0.3251677482230353	1312.6321928035295	5	1.1710259700437923e-281
